CategoryAR,CategoryEn,Year,Month,YearMonth,MonthNo,Total
الأخبار المصورة,News in Photos,2020,January,2020-January,1,5
مقالات اليوم,Today's Articles,2020,January,2020-January,1,1
متابعات,Follow-ups,2020,January,2020-January,1,3
المنوعات,Miscellaneous,2020,January,2020-January,1,2
المحليات,Local News,2020,January,2020-January,1,21
دنيا الرياضة,Sport World,2020,January,2020-January,1,4
الدولية,International,2020,January,2020-January,1,85
الاقتصاد,Economy,2020,January,2020-January,1,9
الأولـــى,First Page,2020,January,2020-January,1,2
الأخــيــرة,Last Page,2020,January,2020-January,1,7
الرأي,Opinions,2020,January,2020-January,1,1
دنيا الرياضة,Sport World,2020,February,2020-February,2,45
مقالات اليوم,Today's Articles,2020,February,2020-February,2,19
متابعات,Follow-ups,2020,February,2020-February,2,2
كلمة الرياض,Riyadh Message,2020,February,2020-February,2,1
طــب,Medicine,2020,February,2020-February,2,1
المنوعات,Miscellaneous,2020,February,2020-February,2,7
المحليات,Local News,2020,February,2020-February,2,113
الدولية,International,2020,February,2020-February,2,262
الاقتصاد,Economy,2020,February,2020-February,2,76
الأولـــى,First Page,2020,February,2020-February,2,7
الأخــيــرة,Last Page,2020,February,2020-February,2,20
الأخبار المصورة,News in Photos,2020,February,2020-February,2,5
أخبار المناطق,Regions News,2020,February,2020-February,2,4
الرأي,Opinions,2020,February,2020-February,2,4
خزامى الصحارى,Deserts lavender,2020,March,2020-March,3,1
دنيا الرياضة,Sport World,2020,March,2020-March,3,358
سينما,Cinema,2020,March,2020-March,3,1
صورة اليوم,Todays Photo,2020,March,2020-March,3,2
طــب,Medicine,2020,March,2020-March,3,1
فن,Art,2020,March,2020-March,3,21
متابعات,Follow-ups,2020,March,2020-March,3,109
قول على قول,Words on Words,2020,March,2020-March,3,1
كلمة الرياض,Riyadh Message,2020,March,2020-March,3,14
محطات متحركة,Moving Stations,2020,March,2020-March,3,1
مقالات اليوم,Today's Articles,2020,March,2020-March,3,164
فيديو الرياض,Riyadh Video,2020,March,2020-March,3,1
ثقافة اليوم,Todays Culture,2020,March,2020-March,3,26
الاقتصاد,Economy,2020,March,2020-March,3,303
تقارير دولية,World Reports,2020,March,2020-March,3,2
تقارير رسومية,Graphical Reports,2020,March,2020-March,3,3
الأخبار المصورة,News in Photos,2020,March,2020-March,3,6
الأخبار الهامة,Important News,2020,March,2020-March,3,1
الأخــيــرة,Last Page,2020,March,2020-March,3,106
الأولـــى,First Page,2020,March,2020-March,3,31
أخبار المناطق,Regions News,2020,March,2020-March,3,85
الدولية,International,2020,March,2020-March,3,925
الرأي,Opinions,2020,March,2020-March,3,75
المجتمع الدولي,The International Community,2020,March,2020-March,3,1
المحليات,Local News,2020,March,2020-March,3,849
المنوعات,Miscellaneous,2020,March,2020-March,3,50
مقالات اليوم,Today's Articles,2020,April,2020-April,4,215
محطات متحركة,Moving Stations,2020,April,2020-April,4,2
متابعات,Follow-ups,2020,April,2020-April,4,136
كلمة الرياض,Riyadh Message,2020,April,2020-April,4,9
فن,Art,2020,April,2020-April,4,4
طــب,Medicine,2020,April,2020-April,4,3
صورة اليوم,Todays Photo,2020,April,2020-April,4,4
دنيا الرياضة,Sport World,2020,April,2020-April,4,363
خزامى الصحارى,Deserts lavender,2020,April,2020-April,4,6
ثقافة اليوم,Todays Culture,2020,April,2020-April,4,53
تقارير رسومية,Graphical Reports,2020,April,2020-April,4,1
أدب الجمعة,Friday Literature,2020,April,2020-April,4,1
المنوعات,Miscellaneous,2020,April,2020-April,4,37
الأخبار المصورة,News in Photos,2020,April,2020-April,4,3
الأخــيــرة,Last Page,2020,April,2020-April,4,134
الأولـــى,First Page,2020,April,2020-April,4,26
الاقتصاد,Economy,2020,April,2020-April,4,408
أخبار المناطق,Regions News,2020,April,2020-April,4,153
الرأي,Opinions,2020,April,2020-April,4,110
الكاريكاتير,Caricature,2020,April,2020-April,4,1
المحليات,Local News,2020,April,2020-April,4,946
الدولية,International,2020,April,2020-April,4,1039
تحقيقات وتقارير,Investigations and reports,2020,April,2020-April,4,1
مقالات اليوم,Today's Articles,2020,May,2020-May,5,179
ثقافة اليوم,Todays Culture,2020,May,2020-May,5,48
متابعات,Follow-ups,2020,May,2020-May,5,111
كلمة الرياض,Riyadh Message,2020,May,2020-May,5,10
قول على قول,Words on Words,2020,May,2020-May,5,1
فن,Art,2020,May,2020-May,5,9
طــب,Medicine,2020,May,2020-May,5,1
صورة اليوم,Todays Photo,2020,May,2020-May,5,1
دنيا الرياضة,Sport World,2020,May,2020-May,5,375
خزامى الصحارى,Deserts lavender,2020,May,2020-May,5,5
تقارير رسومية,Graphical Reports,2020,May,2020-May,5,2
تقارير دولية,World Reports,2020,May,2020-May,5,2
المنوعات,Miscellaneous,2020,May,2020-May,5,43
المحليات,Local News,2020,May,2020-May,5,786
الرأي,Opinions,2020,May,2020-May,5,83
الدولية,International,2020,May,2020-May,5,756
الاقتصاد,Economy,2020,May,2020-May,5,364
الأولـــى,First Page,2020,May,2020-May,5,18
الأخــيــرة,Last Page,2020,May,2020-May,5,88
أخبار المناطق,Regions News,2020,May,2020-May,5,70
ثقافة السبت,Saturday Education,2020,May,2020-May,5,1
خزامى الصحارى,Deserts lavender,2020,June,2020-June,6,5
دنيا الرياضة,Sport World,2020,June,2020-June,6,385
سينما,Cinema,2020,June,2020-June,6,1
صورة اليوم,Todays Photo,2020,June,2020-June,6,1
ثقافة اليوم,Todays Culture,2020,June,2020-June,6,34
قول على قول,Words on Words,2020,June,2020-June,6,2
متابعات,Follow-ups,2020,June,2020-June,6,99
مقالات اليوم,Today's Articles,2020,June,2020-June,6,122
فن,Art,2020,June,2020-June,6,23
تقارير رسومية,Graphical Reports,2020,June,2020-June,6,1
كلمة الرياض,Riyadh Message,2020,June,2020-June,6,8
المحليات,Local News,2020,June,2020-June,6,607
اخر الثقافة,Latest news on culture,2020,June,2020-June,6,9
المنوعات,Miscellaneous,2020,June,2020-June,6,36
الأخبار المصورة,News in Photos,2020,June,2020-June,6,2
الأخــيــرة,Last Page,2020,June,2020-June,6,78
أخبار المناطق,Regions News,2020,June,2020-June,6,150
الاقتصاد,Economy,2020,June,2020-June,6,275
الدولية,International,2020,June,2020-June,6,638
الرأي,Opinions,2020,June,2020-June,6,58
الأولـــى,First Page,2020,June,2020-June,6,14
تقارير رسومية,Graphical Reports,2020,July,2020-July,7,1
مقالات اليوم,Today's Articles,2020,July,2020-July,7,93
كلمة الرياض,Riyadh Message,2020,July,2020-July,7,3
قول على قول,Words on Words,2020,July,2020-July,7,1
فن,Art,2020,July,2020-July,7,7
دنيا الرياضة,Sport World,2020,July,2020-July,7,172
خزامى الصحارى,Deserts lavender,2020,July,2020-July,7,3
ثقافة اليوم,Todays Culture,2020,July,2020-July,7,30
المنوعات,Miscellaneous,2020,July,2020-July,7,26
متابعات,Follow-ups,2020,July,2020-July,7,76
الرأي,Opinions,2020,July,2020-July,7,36
اخر الثقافة,Latest news on culture,2020,July,2020-July,7,6
الأخبار الهامة,Important News,2020,July,2020-July,7,2
الأخــيــرة,Last Page,2020,July,2020-July,7,56
أخبار المناطق,Regions News,2020,July,2020-July,7,112
الاقتصاد,Economy,2020,July,2020-July,7,276
الدولية,International,2020,July,2020-July,7,276
الأولـــى,First Page,2020,July,2020-July,7,16
المحليات,Local News,2020,July,2020-July,7,423
مقالات اليوم,Today's Articles,2020,August,2020-August,8,79
المنوعات,Miscellaneous,2020,August,2020-August,8,32
متابعات,Follow-ups,2020,August,2020-August,8,85
كلمة الرياض,Riyadh Message,2020,August,2020-August,8,4
فن,Art,2020,August,2020-August,8,4
دنيا الرياضة,Sport World,2020,August,2020-August,8,166
ثقافة اليوم,Todays Culture,2020,August,2020-August,8,15
تقارير رسومية,Graphical Reports,2020,August,2020-August,8,1
تحقيقات وتقارير,Investigations and reports,2020,August,2020-August,8,1
المحليات,Local News,2020,August,2020-August,8,319
الدولية,International,2020,August,2020-August,8,308
الاقتصاد,Economy,2020,August,2020-August,8,180
الأولـــى,First Page,2020,August,2020-August,8,18
الأخــيــرة,Last Page,2020,August,2020-August,8,54
اخر الثقافة,Latest news on culture,2020,August,2020-August,8,1
أخبار المناطق,Regions News,2020,August,2020-August,8,81
آخر الأخبار,Latest News,2020,August,2020-August,8,1
الرأي,Opinions,2020,August,2020-August,8,36
سينما,Cinema,2020,September,2020-September,9,1
مقالات اليوم,Today's Articles,2020,September,2020-September,9,72
طــب,Medicine,2020,September,2020-September,9,1
متابعات,Follow-ups,2020,September,2020-September,9,77
قول على قول,Words on Words,2020,September,2020-September,9,1
كلمة الرياض,Riyadh Message,2020,September,2020-September,9,7
دنيا الرياضة,Sport World,2020,September,2020-September,9,189
فن,Art,2020,September,2020-September,9,10
خزامى الصحارى,Deserts lavender,2020,September,2020-September,9,2
صورة اليوم,Todays Photo,2020,September,2020-September,9,2
المنوعات,Miscellaneous,2020,September,2020-September,9,13
أخبار المناطق,Regions News,2020,September,2020-September,9,57
اخر الثقافة,Latest news on culture,2020,September,2020-September,9,1
الأخــيــرة,Last Page,2020,September,2020-September,9,47
الأولـــى,First Page,2020,September,2020-September,9,19
ثقافة اليوم,Todays Culture,2020,September,2020-September,9,8
الدولية,International,2020,September,2020-September,9,252
الرأي,Opinions,2020,September,2020-September,9,32
المحليات,Local News,2020,September,2020-September,9,318
الاقتصاد,Economy,2020,September,2020-September,9,199
دنيا الرياضة,Sport World,2020,October,2020-October,10,106
نجوم الأمس الرياضي,Yesterdays Sports Starts,2020,October,2020-October,10,1
مقالات اليوم,Today's Articles,2020,October,2020-October,10,53
متابعات,Follow-ups,2020,October,2020-October,10,36
كلمة الرياض,Riyadh Message,2020,October,2020-October,10,10
قول على قول,Words on Words,2020,October,2020-October,10,1
فن,Art,2020,October,2020-October,10,9
طــب,Medicine,2020,October,2020-October,10,1
ثقافة اليوم,Todays Culture,2020,October,2020-October,10,5
المنوعات,Miscellaneous,2020,October,2020-October,10,19
أخبار المناطق,Regions News,2020,October,2020-October,10,54
المحليات,Local News,2020,October,2020-October,10,314
الرأي,Opinions,2020,October,2020-October,10,30
الدولية,International,2020,October,2020-October,10,272
الاقتصاد,Economy,2020,October,2020-October,10,198
الأولـــى,First Page,2020,October,2020-October,10,13
الأخــيــرة,Last Page,2020,October,2020-October,10,37
الأخبار المصورة,News in Photos,2020,October,2020-October,10,3
تقارير رسومية,Graphical Reports,2020,October,2020-October,10,1
ثقافة اليوم,Todays Culture,2020,November,2020-November,11,8
خزامى الصحارى,Deserts lavender,2020,November,2020-November,11,2
دنيا الرياضة,Sport World,2020,November,2020-November,11,121
تقارير رسومية,Graphical Reports,2020,November,2020-November,11,1
فن,Art,2020,November,2020-November,11,4
كلمة الرياض,Riyadh Message,2020,November,2020-November,11,7
متابعات,Follow-ups,2020,November,2020-November,11,83
مقالات اليوم,Today's Articles,2020,November,2020-November,11,58
المنوعات,Miscellaneous,2020,November,2020-November,11,17
الأخــيــرة,Last Page,2020,November,2020-November,11,18
الرأي,Opinions,2020,November,2020-November,11,33
الدولية,International,2020,November,2020-November,11,252
الاقتصاد,Economy,2020,November,2020-November,11,220
الأولـــى,First Page,2020,November,2020-November,11,16
الأخبار المصورة,News in Photos,2020,November,2020-November,11,3
اخر الثقافة,Latest news on culture,2020,November,2020-November,11,1
أخبار المناطق,Regions News,2020,November,2020-November,11,53
المحليات,Local News,2020,November,2020-November,11,271
كلمة الرياض,Riyadh Message,2020,December,2020-December,12,7
فن,Art,2020,December,2020-December,12,10
دنيا الرياضة,Sport World,2020,December,2020-December,12,63
ثقافة اليوم,Todays Culture,2020,December,2020-December,12,8
ثقافة السبت,Saturday Education,2020,December,2020-December,12,1
تقارير رسومية,Graphical Reports,2020,December,2020-December,12,3
المنوعات,Miscellaneous,2020,December,2020-December,12,13
المحليات,Local News,2020,December,2020-December,12,211
الأولـــى,First Page,2020,December,2020-December,12,12
الدولية,International,2020,December,2020-December,12,274
الاقتصاد,Economy,2020,December,2020-December,12,150
الأخــيــرة,Last Page,2020,December,2020-December,12,29
الأخبار المصورة,News in Photos,2020,December,2020-December,12,2
اخر الثقافة,Latest news on culture,2020,December,2020-December,12,1
أخبار المناطق,Regions News,2020,December,2020-December,12,40
متابعات,Follow-ups,2020,December,2020-December,12,28
الرأي,Opinions,2020,December,2020-December,12,24
مقالات اليوم,Today's Articles,2020,December,2020-December,12,57
